Workbook
Name _41366429BCF84A0DAB085C4B6EE4E5D6: Sheet4!$A$1:$A$4
Name _AA1D6546EDDE479FB576CF0D15165BC5: OFFSET(Sheet2!$A$1,0,0,COUNTA(Sheet2!$A$1:$A$70)-COUNTIF(Sheet2!$A$1:$A$70,""),1)
Name _Air_source: Sheet2!$D$1:$E$1
Name _Ammeter: Sheet2!$D$2:$E$2
Name _B2C6BD42989A456297BA9F2F2B621051: Sheet3!$A$1:$A$7
Name _Barcode_scanner: Sheet2!$D$3:$E$3
Name _Burner: Sheet2!$D$4:$F$4
Name _CCD: Sheet2!$D$5:$H$5
Name _Communication__internal_equipment_: Sheet2!$D$6:$E$6
Name _Constant_temperature_system: Sheet2!$D$7:$F$7
Name _Counter: Sheet2!$D$8:$D$8
Name _Cylinder: Sheet2!$D$9:$F$9
Name _DD_motor: Sheet2!$D$10:$E$10
Name _Dot_Spray_glue_system: Sheet2!$D$11:$F$11
Name _Dynamic_balancing: Sheet2!$D$12:$E$12
Name _Electric_cylinder: Sheet2!$D$13:$F$13
Name _Electric_gripper: Sheet2!$D$14:$F$14
Name _Electric_spindle: Sheet2!$D$15:$E$15
Name _Electrostatic_eliminator: Sheet2!$D$16:$E$16
Name _EMG_stop_button: Sheet2!$D$17:$E$17
Name _Glue_dispensing_system: Sheet2!$D$18:$E$18
Name _Glue_supply_system: Sheet2!$D$19:$E$19
Name _High_frequency_equipment: Sheet2!$D$20:$G$20
Name _Horizontal_articulated_robot: Sheet2!$D$21:$G$21
Name _Induction_motor: Sheet2!$D$22:$E$22
Name _label_feeder: Sheet2!$D$23:$E$23
Name _Laser: Sheet2!$D$24:$E$24
Name _Life_control: Sheet2!$D$25:$E$25
Name _Light: Sheet2!$D$26:$E$26
Name _Linear_motor: Sheet2!$D$27:$D$27
Name _Locking_system: Sheet2!$D$28:$H$28
Name _M2M: Sheet2!$D$29:$E$29
Name _M2S: Sheet2!$D$30:$H$30
Name _Magnetizer: Sheet2!$D$31:$E$31
Name _Others: Sheet2!$D$32:$H$32
Name _Plug_in_feeder: Sheet2!$D$33:$G$33
Name _Poor_material: Sheet2!$D$34:$E$34
Name _Poor_production_quality: Sheet2!$D$35:$G$35
Name _Power_meter: Sheet2!$D$36:$E$36
Name _Power_roller: Sheet2!$D$37:$E$37
Name _Pressure_gauge: Sheet2!$D$38:$E$38
Name _Printer: Sheet2!$D$39:$E$39
Name _Process: Sheet2!$D$40:$N$40
Name _Push_Button: Sheet2!$D$41:$E$41
Name _RFID: Sheet2!$D$42:$E$42
Name _Safety_relay: Sheet2!$D$43:$E$43
Name _Safty_grating: Sheet2!$D$44:$E$44
Name _Screw_feeding_system: Sheet2!$D$45:$F$45
Name _Self_Control: Sheet2!$D$46:$E$46
Name _Sensor: Sheet2!$D$47:$E$47
Name _Servo_motor: Sheet2!$D$48:$J$48
Name _Servo_Press: Sheet2!$D$49:$G$49
Name _Sfatey_door: Sheet2!$D$50:$E$50
Name _Smoke_Alarm: Sheet2!$D$51:$E$51
Name _Soldering_system: Sheet2!$D$52:$E$52
Name _Stepper_motor: Sheet2!$D$53:$H$53
Name _Tachometer: Sheet2!$D$54:$E$54
Name _Tension_meter: Sheet2!$D$55:$E$55
Name _Test_system: Sheet2!$D$56:$M$56
Name _Testing_instrument: Sheet2!$D$57:$F$57

Sheet Sheet1
A1: 設備錯誤碼_x000D_ Machine error code_x000D_ 001-999 | B1: 警報分類（中文）_x000D_ Alert category | C1: 錯誤内容（中文）_x000D_ Error content_x000D_ （By元件功能定義）_x000D_ (define by component function) | D1: 故障現象描述（中文）_x000D_ breakdown detail description(Chinese) | E1: 故障現象描述（英文）_x000D_ breakdown detail description(English) | F1: 報錯模組名稱_x000D_ Error module name | G1: 警報觸發對應IO_x000D_ associated IO trigger by alert | H1: 元件代碼_x000D_ Component code_x000D_ eg. Cy_AA\Ms_B1 | I1: 元件代碼縮寫_x000D_ Component Code abbrevaiation | J1: 錯誤内容（中文）_x000D_ Error content_x000D_ （By元件功能定義）_x000D_ (define by component function) | K1: 錯誤内容（英文）_x000D_ Error content_x000D_ （By元件功能定義）_x000D_ (define by component function) | L1: Reason類別_x000D_ Reason category | M1: 原因描述（中文）_x000D_ Reason description | N1: 原因描述（英文）_x000D_ Reason description | O1: 處理對策（中文）_x000D_ Treatment countermeasure | P1: 處理對策（英文）_x000D_ Treatment countermeasure | Q1: DFOC Processing level_x000D_ P3: 遠程處理_x000D_ M2S2H(remote)_x000D_ P4：現場處理_x000D_ | R1: V20260130001E
A2: M-Error | B2: S-Error Type | C2: S-Error Desc | D2: M-Error Desc | E2: M-Error DescEn | F2: Error Module | G2: IONumber | H2: ComponentCode | I2: Component Code abbrevaiation | J2: New S-Error Desc | K2: New S-Error DescEn | L2: Reason category | M2: Reason Desc | N2: Reason DescEn | O2: Solution Desc | P2: Solution Desc | Q2: DFOC Level
I3: =IFERROR(INDEX(Sheet2!$C1:$C70,MATCH($B3,Sheet2!$B1:$B70,0)),"")
I4: =IFERROR(INDEX(Sheet2!$C1:$C70,MATCH($B4,Sheet2!$B1:$B70,0)),"")
I5: =IFERROR(INDEX(Sheet2!$C1:$C70,MATCH($B5,Sheet2!$B1:$B70,0)),"")
I6: =IFERROR(INDEX(Sheet2!$C1:$C70,MATCH($B6,Sheet2!$B1:$B70,0)),"")
I7: =IFERROR(INDEX(Sheet2!$C1:$C70,MATCH($B7,Sheet2!$B1:$B70,0)),"")
I8: =IFERROR(INDEX(Sheet2!$C1:$C70,MATCH($B8,Sheet2!$B1:$B70,0)),"")
I9: =IFERROR(INDEX(Sheet2!$C1:$C70,MATCH($B9,Sheet2!$B1:$B70,0)),"")
I10: =IFERROR(INDEX(Sheet2!$C1:$C70,MATCH($B10,Sheet2!$B1:$B70,0)),"")
I11: =IFERROR(INDEX(Sheet2!$C1:$C70,MATCH($B11,Sheet2!$B1:$B70,0)),"")
I12: =IFERROR(INDEX(Sheet2!$C1:$C70,MATCH($B12,Sheet2!$B1:$B70,0)),"")
I13: =IFERROR(INDEX(Sheet2!$C1:$C70,MATCH($B13,Sheet2!$B1:$B70,0)),"")
I14: =IFERROR(INDEX(Sheet2!$C1:$C70,MATCH($B14,Sheet2!$B1:$B70,0)),"")
I15: =IFERROR(INDEX(Sheet2!$C1:$C70,MATCH($B15,Sheet2!$B1:$B70,0)),"")
I16: =IFERROR(INDEX(Sheet2!$C1:$C70,MATCH($B16,Sheet2!$B1:$B70,0)),"")
I17: =IFERROR(INDEX(Sheet2!$C1:$C70,MATCH($B17,Sheet2!$B1:$B70,0)),"")
I18: =IFERROR(INDEX(Sheet2!$C1:$C70,MATCH($B18,Sheet2!$B1:$B70,0)),"")
I19: =IFERROR(INDEX(Sheet2!$C1:$C70,MATCH($B19,Sheet2!$B1:$B70,0)),"")
I20: =IFERROR(INDEX(Sheet2!$C1:$C70,MATCH($B20,Sheet2!$B1:$B70,0)),"")
I21: =IFERROR(INDEX(Sheet2!$C1:$C70,MATCH($B21,Sheet2!$B1:$B70,0)),"")
I22: =IFERROR(INDEX(Sheet2!$C1:$C70,MATCH($B22,Sheet2!$B1:$B70,0)),"")
I23: =IFERROR(INDEX(Sheet2!$C1:$C70,MATCH($B23,Sheet2!$B1:$B70,0)),"")
I24: =IFERROR(INDEX(Sheet2!$C1:$C70,MATCH($B24,Sheet2!$B1:$B70,0)),"")
I25: =IFERROR(INDEX(Sheet2!$C1:$C70,MATCH($B25,Sheet2!$B1:$B70,0)),"")
I26: =IFERROR(INDEX(Sheet2!$C1:$C70,MATCH($B26,Sheet2!$B1:$B70,0)),"")
I27: =IFERROR(INDEX(Sheet2!$C1:$C70,MATCH($B27,Sheet2!$B1:$B70,0)),"")
I28: =IFERROR(INDEX(Sheet2!$C1:$C70,MATCH($B28,Sheet2!$B1:$B70,0)),"")
I29: =IFERROR(INDEX(Sheet2!$C1:$C70,MATCH($B29,Sheet2!$B1:$B70,0)),"")
I30: =IFERROR(INDEX(Sheet2!$C1:$C70,MATCH($B30,Sheet2!$B1:$B70,0)),"")
I31: =IFERROR(INDEX(Sheet2!$C1:$C70,MATCH($B31,Sheet2!$B1:$B70,0)),"")
I32: =IFERROR(INDEX(Sheet2!$C1:$C70,MATCH($B32,Sheet2!$B1:$B70,0)),"")
I33: =IFERROR(INDEX(Sheet2!$C1:$C70,MATCH($B33,Sheet2!$B1:$B70,0)),"")
I34: =IFERROR(INDEX(Sheet2!$C1:$C70,MATCH($B34,Sheet2!$B1:$B70,0)),"")
I35: =IFERROR(INDEX(Sheet2!$C1:$C70,MATCH($B35,Sheet2!$B1:$B70,0)),"")
I36: =IFERROR(INDEX(Sheet2!$C1:$C70,MATCH($B36,Sheet2!$B1:$B70,0)),"")
I37: =IFERROR(INDEX(Sheet2!$C1:$C70,MATCH($B37,Sheet2!$B1:$B70,0)),"")
I38: =IFERROR(INDEX(Sheet2!$C1:$C70,MATCH($B38,Sheet2!$B1:$B70,0)),"")
I39: =IFERROR(INDEX(Sheet2!$C1:$C70,MATCH($B39,Sheet2!$B1:$B70,0)),"")
I40: =IFERROR(INDEX(Sheet2!$C1:$C70,MATCH($B40,Sheet2!$B1:$B70,0)),"")
I41: =IFERROR(INDEX(Sheet2!$C1:$C70,MATCH($B41,Sheet2!$B1:$B70,0)),"")
I42: =IFERROR(INDEX(Sheet2!$C1:$C70,MATCH($B42,Sheet2!$B1:$B70,0)),"")
I43: =IFERROR(INDEX(Sheet2!$C1:$C70,MATCH($B43,Sheet2!$B1:$B70,0)),"")
I44: =IFERROR(INDEX(Sheet2!$C1:$C70,MATCH($B44,Sheet2!$B1:$B70,0)),"")
I45: =IFERROR(INDEX(Sheet2!$C1:$C70,MATCH($B45,Sheet2!$B1:$B70,0)),"")
I46: =IFERROR(INDEX(Sheet2!$C1:$C70,MATCH($B46,Sheet2!$B1:$B70,0)),"")
I47: =IFERROR(INDEX(Sheet2!$C1:$C70,MATCH($B47,Sheet2!$B1:$B70,0)),"")
I48: =IFERROR(INDEX(Sheet2!$C1:$C70,MATCH($B48,Sheet2!$B1:$B70,0)),"")
I49: =IFERROR(INDEX(Sheet2!$C1:$C70,MATCH($B49,Sheet2!$B1:$B70,0)),"")
I50: =IFERROR(INDEX(Sheet2!$C1:$C70,MATCH($B50,Sheet2!$B1:$B70,0)),"")
I51: =IFERROR(INDEX(Sheet2!$C1:$C70,MATCH($B51,Sheet2!$B1:$B70,0)),"")
I52: =IFERROR(INDEX(Sheet2!$C1:$C70,MATCH($B52,Sheet2!$B1:$B70,0)),"")
I53: =IFERROR(INDEX(Sheet2!$C1:$C70,MATCH($B53,Sheet2!$B1:$B70,0)),"")
I54: =IFERROR(INDEX(Sheet2!$C1:$C70,MATCH($B54,Sheet2!$B1:$B70,0)),"")
I55: =IFERROR(INDEX(Sheet2!$C1:$C70,MATCH($B55,Sheet2!$B1:$B70,0)),"")
I56: =IFERROR(INDEX(Sheet2!$C1:$C70,MATCH($B56,Sheet2!$B1:$B70,0)),"")
I57: =IFERROR(INDEX(Sheet2!$C1:$C70,MATCH($B57,Sheet2!$B1:$B70,0)),"")
I58: =IFERROR(INDEX(Sheet2!$C1:$C70,MATCH($B58,Sheet2!$B1:$B70,0)),"")
I59: =IFERROR(INDEX(Sheet2!$C1:$C70,MATCH($B59,Sheet2!$B1:$B70,0)),"")
I60: =IFERROR(INDEX(Sheet2!$C1:$C70,MATCH($B60,Sheet2!$B1:$B70,0)),"")
I61: =IFERROR(INDEX(Sheet2!$C1:$C70,MATCH($B61,Sheet2!$B1:$B70,0)),"")
I62: =IFERROR(INDEX(Sheet2!$C1:$C70,MATCH($B62,Sheet2!$B1:$B70,0)),"")
I63: =IFERROR(INDEX(Sheet2!$C1:$C70,MATCH($B63,Sheet2!$B1:$B70,0)),"")
I64: =IFERROR(INDEX(Sheet2!$C1:$C70,MATCH($B64,Sheet2!$B1:$B70,0)),"")
I65: =IFERROR(INDEX(Sheet2!$C1:$C70,MATCH($B65,Sheet2!$B1:$B70,0)),"")
I66: =IFERROR(INDEX(Sheet2!$C1:$C70,MATCH($B66,Sheet2!$B1:$B70,0)),"")
I67: =IFERROR(INDEX(Sheet2!$C1:$C70,MATCH($B67,Sheet2!$B1:$B70,0)),"")
I68: =IFERROR(INDEX(Sheet2!$C1:$C70,MATCH($B68,Sheet2!$B1:$B70,0)),"")
I69: =IFERROR(INDEX(Sheet2!$C1:$C70,MATCH($B69,Sheet2!$B1:$B70,0)),"")
I70: =IFERROR(INDEX(Sheet2!$C1:$C70,MATCH($B70,Sheet2!$B1:$B70,0)),"")
I71: =IFERROR(INDEX(Sheet2!$C1:$C70,MATCH($B71,Sheet2!$B1:$B70,0)),"")
I72: =IFERROR(INDEX(Sheet2!$C1:$C70,MATCH($B72,Sheet2!$B1:$B70,0)),"")
I73: =IFERROR(INDEX(Sheet2!$C1:$C70,MATCH($B73,Sheet2!$B1:$B70,0)),"")
I74: =IFERROR(INDEX(Sheet2!$C1:$C70,MATCH($B74,Sheet2!$B1:$B70,0)),"")
I75: =IFERROR(INDEX(Sheet2!$C1:$C70,MATCH($B75,Sheet2!$B1:$B70,0)),"")
I76: =IFERROR(INDEX(Sheet2!$C1:$C70,MATCH($B76,Sheet2!$B1:$B70,0)),"")
I77: =IFERROR(INDEX(Sheet2!$C1:$C70,MATCH($B77,Sheet2!$B1:$B70,0)),"")
I78: =IFERROR(INDEX(Sheet2!$C1:$C70,MATCH($B78,Sheet2!$B1:$B70,0)),"")
I79: =IFERROR(INDEX(Sheet2!$C1:$C70,MATCH($B79,Sheet2!$B1:$B70,0)),"")
I80: =IFERROR(INDEX(Sheet2!$C1:$C70,MATCH($B80,Sheet2!$B1:$B70,0)),"")
I81: =IFERROR(INDEX(Sheet2!$C1:$C70,MATCH($B81,Sheet2!$B1:$B70,0)),"")
I82: =IFERROR(INDEX(Sheet2!$C1:$C70,MATCH($B82,Sheet2!$B1:$B70,0)),"")
I83: =IFERROR(INDEX(Sheet2!$C1:$C70,MATCH($B83,Sheet2!$B1:$B70,0)),"")
I84: =IFERROR(INDEX(Sheet2!$C1:$C70,MATCH($B84,Sheet2!$B1:$B70,0)),"")
I85: =IFERROR(INDEX(Sheet2!$C1:$C70,MATCH($B85,Sheet2!$B1:$B70,0)),"")
I86: =IFERROR(INDEX(Sheet2!$C1:$C70,MATCH($B86,Sheet2!$B1:$B70,0)),"")
I87: =IFERROR(INDEX(Sheet2!$C1:$C70,MATCH($B87,Sheet2!$B1:$B70,0)),"")
I88: =IFERROR(INDEX(Sheet2!$C1:$C70,MATCH($B88,Sheet2!$B1:$B70,0)),"")
I89: =IFERROR(INDEX(Sheet2!$C1:$C70,MATCH($B89,Sheet2!$B1:$B70,0)),"")
I90: =IFERROR(INDEX(Sheet2!$C1:$C70,MATCH($B90,Sheet2!$B1:$B70,0)),"")
I91: =IFERROR(INDEX(Sheet2!$C1:$C70,MATCH($B91,Sheet2!$B1:$B70,0)),"")
I92: =IFERROR(INDEX(Sheet2!$C1:$C70,MATCH($B92,Sheet2!$B1:$B70,0)),"")
I93: =IFERROR(INDEX(Sheet2!$C1:$C70,MATCH($B93,Sheet2!$B1:$B70,0)),"")
I94: =IFERROR(INDEX(Sheet2!$C1:$C70,MATCH($B94,Sheet2!$B1:$B70,0)),"")
I95: =IFERROR(INDEX(Sheet2!$C1:$C70,MATCH($B95,Sheet2!$B1:$B70,0)),"")
I96: =IFERROR(INDEX(Sheet2!$C1:$C70,MATCH($B96,Sheet2!$B1:$B70,0)),"")
I97: =IFERROR(INDEX(Sheet2!$C1:$C70,MATCH($B97,Sheet2!$B1:$B70,0)),"")
I98: =IFERROR(INDEX(Sheet2!$C1:$C70,MATCH($B98,Sheet2!$B1:$B70,0)),"")
I99: =IFERROR(INDEX(Sheet2!$C1:$C70,MATCH($B99,Sheet2!$B1:$B70,0)),"")
I100: =IFERROR(INDEX(Sheet2!$C1:$C70,MATCH($B100,Sheet2!$B1:$B70,0)),"")
...

Sheet Sheet3
A1: A Rack module
A2: B movement module
A3: C feeder module
A4: D tools module
A5: E Transport module
A6: F position module
A7: G auxiliary module

Sheet Sheet4
A1: associated elements failure mode
A2: elements failure mode
A3: Failure mode trigger by element(output)
A4: Failure mode trigger by senesor(input)

Sheet Sheet2
A1: {=IFERROR(INDEX($B$1:$B$70,SMALL(IFERROR(MATCH(IF(FIND(CELL("contents"),$B$1:$B$70)>0,$B$1:$B$70,""),$B$1:$B$70,0),""),ROW(B1))),"")} | B1: Air source | C1: Airs | D1: Abnormal air source pressure | E1: NEW
A2: {=IFERROR(INDEX($B$1:$B$70,SMALL(IFERROR(MATCH(IF(FIND(CELL("contents"),$B$1:$B$70)>0,$B$1:$B$70,""),$B$1:$B$70,0),""),ROW(B2))),"")} | B2: Ammeter | C2: AmM | D2: The ammeter is abnormal | E2: NEW
A3: {=IFERROR(INDEX($B$1:$B$70,SMALL(IFERROR(MATCH(IF(FIND(CELL("contents"),$B$1:$B$70)>0,$B$1:$B$70,""),$B$1:$B$70,0),""),ROW(B3))),"")} | B3: Barcode scanner | C3: Scan | D3: Reads QR code abnormally | E3: NEW
A4: {=IFERROR(INDEX($B$1:$B$70,SMALL(IFERROR(MATCH(IF(FIND(CELL("contents"),$B$1:$B$70)>0,$B$1:$B$70,""),$B$1:$B$70,0),""),ROW(B4))),"")} | B4: Burner | C4: Burner | D4: Abnormal communication of the programmer | E4: Abnormal programming | F4: NEW
A5: {=IFERROR(INDEX($B$1:$B$70,SMALL(IFERROR(MATCH(IF(FIND(CELL("contents"),$B$1:$B$70)>0,$B$1:$B$70,""),$B$1:$B$70,0),""),ROW(B5))),"")} | B5: CCD | C5: CCD | D5: Abnormal change of model program | E5: Abnormal data transmission | F5: Abnormal photography | G5: controller or communication error | H5: NEW
A6: {=IFERROR(INDEX($B$1:$B$70,SMALL(IFERROR(MATCH(IF(FIND(CELL("contents"),$B$1:$B$70)>0,$B$1:$B$70,""),$B$1:$B$70,0),""),ROW(B6))),"")} | B6: Communication (internal equipment) | C6: - | D6: communication error | E6: NEW
A7: {=IFERROR(INDEX($B$1:$B$70,SMALL(IFERROR(MATCH(IF(FIND(CELL("contents"),$B$1:$B$70)>0,$B$1:$B$70,""),$B$1:$B$70,0),""),ROW(B7))),"")} | B7: Constant temperature system | C7: Constant-temp | D7: Abnormal water level | E7: Constant temp water tank connect failed | F7: NEW
A8: {=IFERROR(INDEX($B$1:$B$70,SMALL(IFERROR(MATCH(IF(FIND(CELL("contents"),$B$1:$B$70)>0,$B$1:$B$70,""),$B$1:$B$70,0),""),ROW(B8))),"")} | B8: Counter | C8: Counter | D8: NEW
A9: {=IFERROR(INDEX($B$1:$B$70,SMALL(IFERROR(MATCH(IF(FIND(CELL("contents"),$B$1:$B$70)>0,$B$1:$B$70,""),$B$1:$B$70,0),""),ROW(B9))),"")} | B9: Cylinder | C9: Cy | D9: Cylinder reset abnormal | E9: Cylinder set abnormal | F9: NEW
A10: {=IFERROR(INDEX($B$1:$B$70,SMALL(IFERROR(MATCH(IF(FIND(CELL("contents"),$B$1:$B$70)>0,$B$1:$B$70,""),$B$1:$B$70,0),""),ROW(B10))),"")} | B10: DD motor | C10: Md | D10: Abnormal motor operation | E10: NEW
A11: {=IFERROR(INDEX($B$1:$B$70,SMALL(IFERROR(MATCH(IF(FIND(CELL("contents"),$B$1:$B$70)>0,$B$1:$B$70,""),$B$1:$B$70,0),""),ROW(B11))),"")} | B11: Dot/Spray glue system | C11: Spray-glue | D11: Abnormal spray adhesive flow detection | E11: IO signal abnormal | F11: NEW
A12: {=IFERROR(INDEX($B$1:$B$70,SMALL(IFERROR(MATCH(IF(FIND(CELL("contents"),$B$1:$B$70)>0,$B$1:$B$70,""),$B$1:$B$70,0),""),ROW(B12))),"")} | B12: Dynamic balancing | C12: Dynamic-balancing | D12: Abnormal dynamic balance test | E12: NEW
A13: {=IFERROR(INDEX($B$1:$B$70,SMALL(IFERROR(MATCH(IF(FIND(CELL("contents"),$B$1:$B$70)>0,$B$1:$B$70,""),$B$1:$B$70,0),""),ROW(B13))),"")} | B13: Electric cylinder | C13: Electric-cylinder | D13: Electric cylinder driver alarm | E13: Electric cylinder positive and negative limit alarm | F13: NEW
A14: {=IFERROR(INDEX($B$1:$B$70,SMALL(IFERROR(MATCH(IF(FIND(CELL("contents"),$B$1:$B$70)>0,$B$1:$B$70,""),$B$1:$B$70,0),""),ROW(B14))),"")} | B14: Electric gripper | C14: Electric-gripper | D14: Abnormal communication | E14: Abnormal parameter | F14: NEW
A15: {=IFERROR(INDEX($B$1:$B$70,SMALL(IFERROR(MATCH(IF(FIND(CELL("contents"),$B$1:$B$70)>0,$B$1:$B$70,""),$B$1:$B$70,0),""),ROW(B15))),"")} | B15: Electric spindle | C15: ESp | D15: The I/O signal is abnormal | E15: NEW
A16: {=IFERROR(INDEX($B$1:$B$70,SMALL(IFERROR(MATCH(IF(FIND(CELL("contents"),$B$1:$B$70)>0,$B$1:$B$70,""),$B$1:$B$70,0),""),ROW(B16))),"")} | B16: Electrostatic eliminator | C16: SE | D16: Static eliminator signal abnormality | E16: NEW
A17: {=IFERROR(INDEX($B$1:$B$70,SMALL(IFERROR(MATCH(IF(FIND(CELL("contents"),$B$1:$B$70)>0,$B$1:$B$70,""),$B$1:$B$70,0),""),ROW(B17))),"")} | B17: EMG stop button | C17: EMS | D17: Abnormal singal of safety door | E17: NEW
A18: {=IFERROR(INDEX($B$1:$B$70,SMALL(IFERROR(MATCH(IF(FIND(CELL("contents"),$B$1:$B$70)>0,$B$1:$B$70,""),$B$1:$B$70,0),""),ROW(B18))),"")} | B18: Glue dispensing system | C18: Glue-dispensing | D18: Signal Error | E18: NEW
A19: {=IFERROR(INDEX($B$1:$B$70,SMALL(IFERROR(MATCH(IF(FIND(CELL("contents"),$B$1:$B$70)>0,$B$1:$B$70,""),$B$1:$B$70,0),""),ROW(B19))),"")} | B19: Glue supply system | C19: Glue-supply | D19: Abnormal glue supply | E19: NEW
A20: {=IFERROR(INDEX($B$1:$B$70,SMALL(IFERROR(MATCH(IF(FIND(CELL("contents"),$B$1:$B$70)>0,$B$1:$B$70,""),$B$1:$B$70,0),""),ROW(B20))),"")} | B20: High-frequency equipment | C20: High-frequency | D20: Abnormal high-frequency heating | E20: High frequency heater abnormal alarm | F20: The I/O signal of the high-frequency device is abnormal | G20: NEW
A21: {=IFERROR(INDEX($B$1:$B$70,SMALL(IFERROR(MATCH(IF(FIND(CELL("contents"),$B$1:$B$70)>0,$B$1:$B$70,""),$B$1:$B$70,0),""),ROW(B21))),"")} | B21: Horizontal articulated robot | C21: SCARA | D21: Abnormal movement of the robot | E21: Robot alarm signal abnormal | F21: Robot IO signal abnormality | G21: NEW
A22: {=IFERROR(INDEX($B$1:$B$70,SMALL(IFERROR(MATCH(IF(FIND(CELL("contents"),$B$1:$B$70)>0,$B$1:$B$70,""),$B$1:$B$70,0),""),ROW(B22))),"")} | B22: Induction motor | C22: Mi | D22: Abnormal motor operation | E22: NEW
A23: {=IFERROR(INDEX($B$1:$B$70,SMALL(IFERROR(MATCH(IF(FIND(CELL("contents"),$B$1:$B$70)>0,$B$1:$B$70,""),$B$1:$B$70,0),""),ROW(B23))),"")} | B23: label feeder | C23: Label-feeder | D23: The last label is abnormal, please clear the label on the printing platform | E23: NEW
A24: {=IFERROR(INDEX($B$1:$B$70,SMALL(IFERROR(MATCH(IF(FIND(CELL("contents"),$B$1:$B$70)>0,$B$1:$B$70,""),$B$1:$B$70,0),""),ROW(B24))),"")} | B24: Laser | C24: Laser | D24: Laser engraving machine signal abnormality | E24: NEW
A25: {=IFERROR(INDEX($B$1:$B$70,SMALL(IFERROR(MATCH(IF(FIND(CELL("contents"),$B$1:$B$70)>0,$B$1:$B$70,""),$B$1:$B$70,0),""),ROW(B25))),"")} | B25: Life control | C25: - | D25: Service life reaches | E25: NEW
A26: {=IFERROR(INDEX($B$1:$B$70,SMALL(IFERROR(MATCH(IF(FIND(CELL("contents"),$B$1:$B$70)>0,$B$1:$B$70,""),$B$1:$B$70,0),""),ROW(B26))),"")} | B26: Light | C26: EL | D26: Abnormal light source | E26: NEW
A27: {=IFERROR(INDEX($B$1:$B$70,SMALL(IFERROR(MATCH(IF(FIND(CELL("contents"),$B$1:$B$70)>0,$B$1:$B$70,""),$B$1:$B$70,0),""),ROW(B27))),"")} | B27: Linear motor | C27: Ml | D27: NEW
A28: {=IFERROR(INDEX($B$1:$B$70,SMALL(IFERROR(MATCH(IF(FIND(CELL("contents"),$B$1:$B$70)>0,$B$1:$B$70,""),$B$1:$B$70,0),""),ROW(B28))),"")} | B28: Locking system | C28: Locking | D28: Abnormal change of model program | E28: Lock failure | F28: Locking system alarm | G28: locking timeout | H28: NEW
A29: {=IFERROR(INDEX($B$1:$B$70,SMALL(IFERROR(MATCH(IF(FIND(CELL("contents"),$B$1:$B$70)>0,$B$1:$B$70,""),$B$1:$B$70,0),""),ROW(B29))),"")} | B29: M2M | C29: - | D29: Handshake signal abnormal | E29: NEW
A30: {=IFERROR(INDEX($B$1:$B$70,SMALL(IFERROR(MATCH(IF(FIND(CELL("contents"),$B$1:$B$70)>0,$B$1:$B$70,""),$B$1:$B$70,0),""),ROW(B30))),"")} | B30: M2S | C30: - | D30: line change is abnormal | E30: MES connection is abnormal | F30: MES layer control data abnormality | G30: MES lock line | H30: NEW
A31: {=IFERROR(INDEX($B$1:$B$70,SMALL(IFERROR(MATCH(IF(FIND(CELL("contents"),$B$1:$B$70)>0,$B$1:$B$70,""),$B$1:$B$70,0),""),ROW(B31))),"")} | B31: Magnetizer | C31: Magnetizer | D31: System parameter setting error | E31: NEW
A32: {=IFERROR(INDEX($B$1:$B$70,SMALL(IFERROR(MATCH(IF(FIND(CELL("contents"),$B$1:$B$70)>0,$B$1:$B$70,""),$B$1:$B$70,0),""),ROW(B32))),"")} | B32: Others | C32: - | D32: KBK drove away from the safe parking position | E32: The fixture on the left lift platform is jammed | F32: The fixture on the right lift platform is jammed | G32: Unaccredited personnel | H32: NEW
A33: {=IFERROR(INDEX($B$1:$B$70,SMALL(IFERROR(MATCH(IF(FIND(CELL("contents"),$B$1:$B$70)>0,$B$1:$B$70,""),$B$1:$B$70,0),""),ROW(B33))),"")} | B33: Plug-in feeder | C33: Plug-in-feeder | D33: Abnormal feeding | E33: Feeder alarm | F33: IO signal abnormal | G33: NEW
A34: {=IFERROR(INDEX($B$1:$B$70,SMALL(IFERROR(MATCH(IF(FIND(CELL("contents"),$B$1:$B$70)>0,$B$1:$B$70,""),$B$1:$B$70,0),""),ROW(B34))),"")} | B34: Poor material | C34: - | D34: Poor material quality | E34: NEW
A35: {=IFERROR(INDEX($B$1:$B$70,SMALL(IFERROR(MATCH(IF(FIND(CELL("contents"),$B$1:$B$70)>0,$B$1:$B$70,""),$B$1:$B$70,0),""),ROW(B35))),"")} | B35: Poor production quality | C35: - | D35: Poor equipment quality | E35: Poor product quality | F35: Quality abnormal | G35: NEW
A36: {=IFERROR(INDEX($B$1:$B$70,SMALL(IFERROR(MATCH(IF(FIND(CELL("contents"),$B$1:$B$70)>0,$B$1:$B$70,""),$B$1:$B$70,0),""),ROW(B36))),"")} | B36: Power meter | C36: PowM | D36: The power meter shows abnormal | E36: NEW
A37: {=IFERROR(INDEX($B$1:$B$70,SMALL(IFERROR(MATCH(IF(FIND(CELL("contents"),$B$1:$B$70)>0,$B$1:$B$70,""),$B$1:$B$70,0),""),ROW(B37))),"")} | B37: Power roller | C37: PRol | D37: Transmission anomaly | E37: NEW
A38: {=IFERROR(INDEX($B$1:$B$70,SMALL(IFERROR(MATCH(IF(FIND(CELL("contents"),$B$1:$B$70)>0,$B$1:$B$70,""),$B$1:$B$70,0),""),ROW(B38))),"")} | B38: Pressure gauge | C38: PreG | D38: abnormal pressure | E38: NEW
A39: {=IFERROR(INDEX($B$1:$B$70,SMALL(IFERROR(MATCH(IF(FIND(CELL("contents"),$B$1:$B$70)>0,$B$1:$B$70,""),$B$1:$B$70,0),""),ROW(B39))),"")} | B39: Printer | C39: Printer | D39: Barcode printing abnormal | E39: NEW
A40: {=IFERROR(INDEX($B$1:$B$70,SMALL(IFERROR(MATCH(IF(FIND(CELL("contents"),$B$1:$B$70)>0,$B$1:$B$70,""),$B$1:$B$70,0),""),ROW(B40))),"")} | B40: Process | C40: - | D40: failed to RW | E40: Module inital abnormal | F40: parameter unabled | G40: Parameter upper limit reached | H40: Program static parameter exception | I40: Sequence work fail | J40: The capacity of the hard disk has reached the limit, and further detection is not allowed!Please clean up the hard disk data to free up space | K40: The data conversion failed | L40: The motion parameter list is incorrect | M40: Waiting to do something. | N40: NEW
A41: {=IFERROR(INDEX($B$1:$B$70,SMALL(IFERROR(MATCH(IF(FIND(CELL("contents"),$B$1:$B$70)>0,$B$1:$B$70,""),$B$1:$B$70,0),""),ROW(B41))),"")} | B41: Push Button | C41: Sb | D41: Input signal is abnormal | E41: NEW
A42: {=IFERROR(INDEX($B$1:$B$70,SMALL(IFERROR(MATCH(IF(FIND(CELL("contents"),$B$1:$B$70)>0,$B$1:$B$70,""),$B$1:$B$70,0),""),ROW(B42))),"")} | B42: RFID | C42: RFID | D42: RFID reads and writes abnormally | E42: NEW
A43: {=IFERROR(INDEX($B$1:$B$70,SMALL(IFERROR(MATCH(IF(FIND(CELL("contents"),$B$1:$B$70)>0,$B$1:$B$70,""),$B$1:$B$70,0),""),ROW(B43))),"")} | B43: Safety relay | C43: SR | D43: circuit anomaly | E43: NEW
A44: {=IFERROR(INDEX($B$1:$B$70,SMALL(IFERROR(MATCH(IF(FIND(CELL("contents"),$B$1:$B$70)>0,$B$1:$B$70,""),$B$1:$B$70,0),""),ROW(B44))),"")} | B44: Safty grating | C44: Sg | D44: Abnormal singal of safety grating | E44: NEW
A45: {=IFERROR(INDEX($B$1:$B$70,SMALL(IFERROR(MATCH(IF(FIND(CELL("contents"),$B$1:$B$70)>0,$B$1:$B$70,""),$B$1:$B$70,0),""),ROW(B45))),"")} | B45: Screw feeding system | C45: Screw-feeder | D45: Abnormal feeder | E45: Screw feeder jamming | F45: NEW
A46: {=IFERROR(INDEX($B$1:$B$70,SMALL(IFERROR(MATCH(IF(FIND(CELL("contents"),$B$1:$B$70)>0,$B$1:$B$70,""),$B$1:$B$70,0),""),ROW(B46))),"")} | B46: Self-Control | C46: - | D46: The monitoring data reaches the early warning value | E46: NEW
A47: {=IFERROR(INDEX($B$1:$B$70,SMALL(IFERROR(MATCH(IF(FIND(CELL("contents"),$B$1:$B$70)>0,$B$1:$B$70,""),$B$1:$B$70,0),""),ROW(B47))),"")} | B47: Sensor | C47: Sp | D47: Abnormal sensor signal | E47: NEW
A48: {=IFERROR(INDEX($B$1:$B$70,SMALL(IFERROR(MATCH(IF(FIND(CELL("contents"),$B$1:$B$70)>0,$B$1:$B$70,""),$B$1:$B$70,0),""),ROW(B48))),"")} | B48: Servo motor | C48: Ms | D48: Abnormal motor operation | E48: Abnormal motor origin reset | F48: Abnormal servo motor parameters | G48: Communication Error | H48: Motor positive and negative limit alarm | I48: Servo motor driver alarm | J48: NEW
A49: {=IFERROR(INDEX($B$1:$B$70,SMALL(IFERROR(MATCH(IF(FIND(CELL("contents"),$B$1:$B$70)>0,$B$1:$B$70,""),$B$1:$B$70,0),""),ROW(B49))),"")} | B49: Servo Press | C49: Servo-press | D49: Servo press driver alarm | E49: Servo press Home timeout | F49: The recipe executed by the servo press does not match the recipe required by the program. | G49: NEW
A50: {=IFERROR(INDEX($B$1:$B$70,SMALL(IFERROR(MATCH(IF(FIND(CELL("contents"),$B$1:$B$70)>0,$B$1:$B$70,""),$B$1:$B$70,0),""),ROW(B50))),"")} | B50: Sfatey door | C50: Sd | D50: Abnormal singal of safety door | E50: NEW
A51: {=IFERROR(INDEX($B$1:$B$70,SMALL(IFERROR(MATCH(IF(FIND(CELL("contents"),$B$1:$B$70)>0,$B$1:$B$70,""),$B$1:$B$70,0),""),ROW(B51))),"")} | B51: Smoke Alarm | C51: SA | D51: Signal abnormal | E51: NEW
A52: {=IFERROR(INDEX($B$1:$B$70,SMALL(IFERROR(MATCH(IF(FIND(CELL("contents"),$B$1:$B$70)>0,$B$1:$B$70,""),$B$1:$B$70,0),""),ROW(B52))),"")} | B52: Soldering system | C52: Solder | D52: The solder system signal is abnormal | E52: NEW
A53: {=IFERROR(INDEX($B$1:$B$70,SMALL(IFERROR(MATCH(IF(FIND(CELL("contents"),$B$1:$B$70)>0,$B$1:$B$70,""),$B$1:$B$70,0),""),ROW(B53))),"")} | B53: Stepper motor | C53: Mp | D53: Abnormal motor operation | E53: Abnormal motor origin reset | F53: Communication Error | G53: Motor positive and negative limit alarm | H53: NEW
A54: {=IFERROR(INDEX($B$1:$B$70,SMALL(IFERROR(MATCH(IF(FIND(CELL("contents"),$B$1:$B$70)>0,$B$1:$B$70,""),$B$1:$B$70,0),""),ROW(B54))),"")} | B54: Tachometer | C54: TacM | D54: Tachometer signal abnormal | E54: NEW
A55: {=IFERROR(INDEX($B$1:$B$70,SMALL(IFERROR(MATCH(IF(FIND(CELL("contents"),$B$1:$B$70)>0,$B$1:$B$70,""),$B$1:$B$70,0),""),ROW(B55))),"")} | B55: Tension meter | C55: TenM | D55: Abnormal tension | E55: NEW
A56: {=IFERROR(INDEX($B$1:$B$70,SMALL(IFERROR(MATCH(IF(FIND(CELL("contents"),$B$1:$B$70)>0,$B$1:$B$70,""),$B$1:$B$70,0),""),ROW(B56))),"")} | B56: Test system | C56: Test-system | D56: communication is abnormal | E56: controller warning | F56: Fan malfunction | G56: Fan malfunction | H56: Load timeout | I56: PVI communication is abnormal | J56: Software interrupt | K56: Test program initialization exception | L56: Test system signal error | M56: NEW
A57: {=IFERROR(INDEX($B$1:$B$70,SMALL(IFERROR(MATCH(IF(FIND(CELL("contents"),$B$1:$B$70)>0,$B$1:$B$70,""),$B$1:$B$70,0),""),ROW(B57))),"")} | B57: Testing instrument | C57: Tester | D57: machine testing instrument malfunction | E57: Test timeout | F57: NEW
A58: {=IFERROR(INDEX($B$1:$B$70,SMALL(IFERROR(MATCH(IF(FIND(CELL("contents"),$B$1:$B$70)>0,$B$1:$B$70,""),$B$1:$B$70,0),""),ROW(B58))),"")} | B58: Thermostat | C58: Therm | D58: Abnormal heating | E58: Abnormal temperature | F58: temperature remains | G58: NEW
A59: {=IFERROR(INDEX($B$1:$B$70,SMALL(IFERROR(MATCH(IF(FIND(CELL("contents"),$B$1:$B$70)>0,$B$1:$B$70,""),$B$1:$B$70,0),""),ROW(B59))),"")} | B59: Timer | C59: Timer | D59: Overdue | E59: NEW
A60: {=IFERROR(INDEX($B$1:$B$70,SMALL(IFERROR(MATCH(IF(FIND(CELL("contents"),$B$1:$B$70)>0,$B$1:$B$70,""),$B$1:$B$70,0),""),ROW(B60))),"")} | B60: Torque meter | C60: TorM | D60: Torque meter signal abnormal | E60: NEW
A61: {=IFERROR(INDEX($B$1:$B$70,SMALL(IFERROR(MATCH(IF(FIND(CELL("contents"),$B$1:$B$70)>0,$B$1:$B$70,""),$B$1:$B$70,0),""),ROW(B61))),"")} | B61: Ultrasonic | C61: Ultrasonic | D61: NEW
A62: {=IFERROR(INDEX($B$1:$B$70,SMALL(IFERROR(MATCH(IF(FIND(CELL("contents"),$B$1:$B$70)>0,$B$1:$B$70,""),$B$1:$B$70,0),""),ROW(B62))),"")} | B62: Vacuum cleaner | C62: Cl | D62: The vacuum cleaner remote control signal is abnormal | E62: NEW
A63: {=IFERROR(INDEX($B$1:$B$70,SMALL(IFERROR(MATCH(IF(FIND(CELL("contents"),$B$1:$B$70)>0,$B$1:$B$70,""),$B$1:$B$70,0),""),ROW(B63))),"")} | B63: Vacuum solenoid valve | C63: Vsv | D63: Abnormal vacuum (negative pressure) | E63: Abnormal vacuum breaking (positive pressure) | F63: NEW
A64: {=IFERROR(INDEX($B$1:$B$70,SMALL(IFERROR(MATCH(IF(FIND(CELL("contents"),$B$1:$B$70)>0,$B$1:$B$70,""),$B$1:$B$70,0),""),ROW(B64))),"")} | B64: Variable frequency motor | C64: Mf | D64: Frequency motor driver alarm | E64: NEW
A65: {=IFERROR(INDEX($B$1:$B$70,SMALL(IFERROR(MATCH(IF(FIND(CELL("contents"),$B$1:$B$70)>0,$B$1:$B$70,""),$B$1:$B$70,0),""),ROW(B65))),"")} | B65: Vertical articulated robot | C65: ROBOT | D65: Abnormal movement of the robot | E65: Robot alarm signal abnormal | F65: NEW
A66: {=IFERROR(INDEX($B$1:$B$70,SMALL(IFERROR(MATCH(IF(FIND(CELL("contents"),$B$1:$B$70)>0,$B$1:$B$70,""),$B$1:$B$70,0),""),ROW(B66))),"")} | B66: Vibratory bowl feeder | C66: Vibrator-bowl-feeder | D66: Abnormal feeding | E66: NEW
A67: {=IFERROR(INDEX($B$1:$B$70,SMALL(IFERROR(MATCH(IF(FIND(CELL("contents"),$B$1:$B$70)>0,$B$1:$B$70,""),$B$1:$B$70,0),""),ROW(B67))),"")} | B67: Visual control system | C67: Visual-control | D67: Visual system detection anomaly | E67: NEW
A68: {=IFERROR(INDEX($B$1:$B$70,SMALL(IFERROR(MATCH(IF(FIND(CELL("contents"),$B$1:$B$70)>0,$B$1:$B$70,""),$B$1:$B$70,0),""),ROW(B68))),"")} | B68: Voltmeter | C68: VolM | D68: Abnormal voltage | E68: NEW
A69: {=IFERROR(INDEX($B$1:$B$70,SMALL(IFERROR(MATCH(IF(FIND(CELL("contents"),$B$1:$B$70)>0,$B$1:$B$70,""),$B$1:$B$70,0),""),ROW(B69))),"")} | B69: Weighing system | C69: Weighing | D69: Communication Error | E69: Data reading anomaly | F69: NEW
A70: {=IFERROR(INDEX($B$1:$B$70,SMALL(IFERROR(MATCH(IF(FIND(CELL("contents"),$B$1:$B$70)>0,$B$1:$B$70,""),$B$1:$B$70,0),""),ROW(B70))),"")} | B70: Welding system | C70: Welding | D70: Abnormal welding system | E70: NEW
